Place of interest;Type of place;Place address;BiciMAD station;Station location
Asambleas de Evangelización Mundial para Cristo (AEMC);no_catolicas;CALLE ANTONIA RODRIGUEZ SACRISTAN 8;Marqués de Vadillo;Glorieta Marqués de Vadillo nº 9
Asociación Darse - Dar Ayuda para la Reinserción Social España;no_catolicas;CAMINO ALTO DE SAN ISIDRO 16 PLANTA 2º C C;Marqués de Vadillo;Glorieta Marqués de Vadillo nº 9
Asociación Tiempo Para Cuidar;no_catolicas;CALLE GENERAL LACY 24 PLANTA BAJA A;Delicias;Calle Bustamante nº 1
Asociación Visión Internacional;no_catolicas;CALLE DISCOBOLO 53;Gutierre de Cetina;Calle Gutierre de Cetina nº 77
Basílica Jesús de Medinaceli;catolicas;PLAZA JESUS 2;Huertas;Calle Jesús nº 1
Basílica La Milagrosa;catolicas;CALLE GARCIA DE PAREDES 45;General Martínez Campos ;Calle Fernández de la Hoz nº 29
Basílica Pontificia de San Miguel;catolicas;CALLE SAN JUSTO 4;Plaza del Cordón;Plaza del Cordón
Capilla de San Isidro;catolicas;CALLE AGUILA 1;Plaza de los Carros;Carrera de San Francisco nº 1
Casa sobre la Roca Iglesia Cristiana Integral - Madrid;no_catolicas;CALLE ULISES 1;Condesa de Venadito;Calle Condesa de Venadito nº 2
Catedral Anglicana de Madrid;no_catolicas;CALLE BENEFICENCIA 18;Hortaleza;Calle Hortaleza nº 75
Catedral Ortodoxa Griega. Santa Iglesia Catedral de los Santos Andrés y Demetrio;no_catolicas;CALLE NICARAGUA 12;Colombia;Calle Colombia nº 7
Catedral Santa María la Real de la Almudena;catolicas;CALLE BAILEN 10;Segovia 26;Calle Segovia nº 26
Centro Apostólico Cristo Viene;no_catolicas;CALLE ANTONIO LOPEZ 236 PLANTA 1;Glorieta de Cádiz;Calle Antonio López nº 129
Centro Cristiano Ciudad de Refugio;no_catolicas;CALLE GODELLA 103 PLANTA 1 D;Embajadores 191;Calle Sodio nº 1B
Centro Cultural Islámico. Mezquita de Madrid;no_catolicas;CALLE SALVADOR DE MADARIAGA 7;Derechos Humanos;Calle Derechos Humanos nº 12
Centro Evangélico de Restauración Aliento de Vida;no_catolicas;CALLE PUERTO DE LAS PILAS 12;Pavones;Calle Hacienda de Pavones nº 342
Centro de Evangelización Anuncio de Paz;no_catolicas;CALLE PUERTO DEL MONASTERIO 10 PLANTA BAJO;Concordia;Calle Arroyo del Olivar nº 6
Christ International Ministries;no_catolicas;CALLE LA ALBERCA 1;Facultad Derecho;Avenida Complutense nº 23
Christ Missions Evangelical Church;no_catolicas; CIUDAD DE FRIAS 18;Glorieta de Cádiz;Calle Antonio López nº 129
Comunidad Cristiana Decisión;no_catolicas;CALLE MEQUINENZA 20 PLANTA local;Gutierre de Cetina;Calle Gutierre de Cetina nº 77
Comunidad Cristiana Eben-Ezer de la Villa de Vallecas;no_catolicas;CALLE SIERRA DE TORTEJADA 2;Pavones;Calle Hacienda de Pavones nº 342
Comunidad Cristiana Maranatha;no_catolicas;CALLE GRANADA 8;Puerta de Granada;Avenida de Menéndez Pelayo nº 38
Comunidad Cristiana Misionera Newma España;no_catolicas;CALLE ANGOSTA 2 PLANTA 3ª D;Glorieta de Cádiz;Calle Antonio López nº 129
Comunidad Eben-Ezer Dios Es Amor;no_catolicas;CALLE VILLALOBOS 11 local;Sierra Toledana;Camino de Valderribas nº 94
Comunidad Evangélica Internacional;no_catolicas;CALLE CIDRO 14 PLANTA BAJO Polígono Aguacate;Marqués de Vadillo;Glorieta Marqués de Vadillo nº 9
Comunidad Evangélica de habla alemana;no_catolicas;PASEO CASTELLANA 6;Castellana;Paseo de la Castellana nº 4
Comunidad Sendero de la Cruz (Iglesia de Celebración Cristiana);no_catolicas;CALLE MIGUEL FLETA 11;Gutierre de Cetina;Calle Gutierre de Cetina nº 77
Comunidad cristiana Eben-ezer de Pueblo Nuevo;no_catolicas;CALLE JULIAN CAMARILLO 39;Gutierre de Cetina;Calle Gutierre de Cetina nº 77
Comunidad cristiana El Faro;no_catolicas;CALLE SIERRA DE ALCUBIERRE 2 y 4;Concordia;Calle Arroyo del Olivar nº 6
Concepción Real de Calatrava;catolicas;CALLE ALCALA 25;Sevilla;Calle Alcalá nº 27
Convento de las Comendadoras de Santiago;catolicas;PLAZA COMENDADORAS 10;Conde Duque;Calle Conde Duque nº 22
Ermita Virgen del Puerto;catolicas;PASEO VIRGEN DEL PUERTO 4;Segovia 45;Calle Segovia nº 45
Ermita de San Isidro;catolicas;PASEO ERMITA DEL SANTO 72;Ermita Santo;Paseo de la Ermita del Santo nº 48
Fuente de San Isidro;catolicas;PASEO ERMITA DEL SANTO 72;Ermita Santo;Paseo de la Ermita del Santo nº 48
Iglesia  Evangélica Bautista Pueblo Nuevo;no_catolicas;CALLE GUTIERRE DE CETINA 13;José María Pereda;Calle José María de Pereda nº 1
Iglesia Anglicana de San Jorge;no_catolicas;CALLE NUÑEZ DE BALBOA 43;Ayala;Calle Ayala nº 44
Iglesia Asamblea Cristiana de Madrid;no_catolicas;CALLE ALORA 7 PLANTA y 9 Bajo;Pavones;Calle Hacienda de Pavones nº 342
Iglesia Asambleas de Dios Ministerio Madureira;no_catolicas;CALLE haya 2 PLANTA 2;Glorieta de Cádiz;Calle Antonio López nº 129
Iglesia Bautista Calvario;no_catolicas;CALLE PALERMO 28;Carlota O’Neill;Calle Carlota O'Neill nº 32
Iglesia Bautista El Buen Pastor;no_catolicas;PLAZA GETAFE 1;Prosperidad;Calle Suero de Quiñones nº 2
Iglesia Bautista Emanuel de Madrid;no_catolicas;CALLE HERNANDEZ DE TEJADA 4;Carlota O’Neill;Calle Carlota O'Neill nº 32
Iglesia Bautista de Jesús España;no_catolicas;CALLE LONGARES 3 PLANTA BAJA;Gutierre de Cetina;Calle Gutierre de Cetina nº 77
Iglesia Bautista de Vallecas;no_catolicas;CALLE SAN VIRGILIO 2 y 4;Concordia;Calle Arroyo del Olivar nº 6
Iglesia Bíblica de Barajas;no_catolicas;CALLE CANAL DE SUEZ 15;Gutierre de Cetina;Calle Gutierre de Cetina nº 77
Iglesia CENFOL España;no_catolicas;CALLE ALEJANDRO VILLEGAS 34 PLANTA local entrada por calle Manzanar;Carlota O’Neill;Calle Carlota O'Neill nº 32
Iglesia Catedral de las Fuerzas Armadas;catolicas;CALLE SACRAMENTO 11;Segovia 26;Calle Segovia nº 26
Iglesia Centro Cristiano Adonay;no_catolicas;CALLE MARIA MARTINEZ OVIOL 17 B;Embajadores 191;Calle Sodio nº 1B
Iglesia Comunidad Cristiana de Fe;no_catolicas;CALLE MANUEL FERRERO 5 Local estudio Danza Pasión Madrid;Chamartín;Calle Rodríguez Jaén nº 40
Iglesia Convento del Santísimo Cristo del Pardo;catolicas;PISTA CRISTO DE EL PARDO 11;Facultad Derecho;Avenida Complutense nº 23
Iglesia Corpus Christi;catolicas;PLAZA CONDE DE MIRANDA 3;Plaza del Cordón;Plaza del Cordón
Iglesia Cristiana Adventista del Séptimo Día. Madrid Alenza;no_catolicas;CALLE ALENZA 6 PLANTA Baja;Santa Engracia 127;Calle Santa Engracia nº 127
Iglesia Cristiana Adventista del Séptimo Día. Madrid Aluche;no_catolicas;CALLE LOS YEBENES 255;Caramuel;Calle Caramuel nº 51
Iglesia Cristiana Adventista del Séptimo Día. Madrid Calatrava;no_catolicas;CALLE SECOYA 19 POLIGONO INDUSTRIAL AGUACATE;Marqués de Vadillo;Glorieta Marqués de Vadillo nº 9
Iglesia Cristiana Adventista del Séptimo Día. Madrid Eben-Ezer;no_catolicas;CALLE RUSIA 11;Gutierre de Cetina;Calle Gutierre de Cetina nº 77
Iglesia Cristiana Adventista del Séptimo Día. Madrid Efes;no_catolicas;CALLE ALEJANDRO SANCHEZ 49;Marqués de Vadillo;Glorieta Marqués de Vadillo nº 9
Iglesia Cristiana Adventista del Séptimo Día. Madrid Emaus;no_catolicas;CALLE RUSIA 11;Gutierre de Cetina;Calle Gutierre de Cetina nº 77
Iglesia Cristiana Adventista del Séptimo Día. Madrid Grupo Brasileños;no_catolicas;"CALLE MARQUESA DE ARG&amp;Uuml;ESO 24";Marqués de Vadillo;Glorieta Marqués de Vadillo nº 9
Iglesia Cristiana Adventista del Séptimo Día. Madrid Horeb;no_catolicas;CALLE DOCTOR ZOFIO 4;Caramuel;Calle Caramuel nº 51
Iglesia Cristiana Adventista del Séptimo Día. Madrid Resurrección;no_catolicas;CALLE AUSTRIA 2;Gutierre de Cetina;Calle Gutierre de Cetina nº 77
Iglesia Cristiana Adventista del Séptimo Día. Madrid Vallecas;no_catolicas;CALLE DOCTOR BELLIDO 13;Concordia;Calle Arroyo del Olivar nº 6
Iglesia Cristiana Adventista del Séptimo Día. Madrid Ventas;no_catolicas;CALLE HERMANOS GOMEZ 32 local;José María Pereda;Calle José María de Pereda nº 1
Iglesia Cristiana Adventista del Séptimo Día. Proyecto Cero;no_catolicas; ;Puente Praga;Paseo de la Esperanza nº 59
Iglesia Cristiana Evangélica en Hortaleza (Eben Ezer);no_catolicas;CALLE SANTA VIRGILIA 5 POSTERIOR;Carlota O’Neill;Calle Carlota O'Neill nº 32
Iglesia Cristiana Hosanna;no_catolicas;CALLE ALFARO 34 - 36;Caramuel;Calle Caramuel nº 51
Iglesia Cristiana Reconcíliate con Dios;no_catolicas;CALLE SECOYA 18 PLANTA 2;Marqués de Vadillo;Glorieta Marqués de Vadillo nº 9
Iglesia Cristiana Redimida de Dios;no_catolicas;CALLE RESINA 29;Glorieta de Cádiz;Calle Antonio López nº 129
Iglesia Cristiana Reformada;no_catolicas;CALLE CESAR GONZÁLEZ RUANO 25;Derechos Humanos;Calle Derechos Humanos nº 12
Iglesia Cristiana Shalom Adonai;no_catolicas;PLAZA MONDARIZ 10 Local 5;Pedro Rico;Calle Pedro Rico nº 4
Iglesia Cristiana Verbo;no_catolicas;CALLE CIRCE 32;Gutierre de Cetina;Calle Gutierre de Cetina nº 77
Iglesia Cristo Rey de Argüelles;catolicas;CALLE MARTIN DE LOS HEROS 91;Altamirano;Calle Altamirano nº 24
Iglesia Cuerpo de Cristo, Avelino;no_catolicas;CALLE AVELINO FERNANDEZ DE LA POZA 4;Méndez Álvaro;Calle Retama nº 5
Iglesia Cuerpo de Cristo, Don Pedro;no_catolicas;CALLE DON PEDRO 10;Plaza de los Carros;Carrera de San Francisco nº 1
Iglesia Cuerpo de Cristo, General;no_catolicas;CALLE GENERAL SERRANO ORIVE 3;San Delfín;Calle San Delfín nº 9
Iglesia Dios es Amor - Unión Cristiana;no_catolicas;CALLE PRUDENCIO ALVARO 46;C.D. Concepción;Calle Jose del Hierro nº 5
Iglesia Ejército de Salvación Madrid Central;no_catolicas;CALLE HERMOSILLA 126 Local 4;Doctor Esquerdo-Hermosilla;Calle Hermosilla nº 135
Iglesia Ejército de Salvación Palomeras;no_catolicas;AVENIDA RAFAEL ALBERTI 18 bis;Pavones;Calle Hacienda de Pavones nº 342
Iglesia El Buen Pastor de Vallecas;no_catolicas;CAMINO VALDERRIBAS 96 Nave;Sierra Toledana;Camino de Valderribas nº 94
Iglesia Elan;no_catolicas;CALLE EZCARAY 20 PLANTA 2 C;Pavones;Calle Hacienda de Pavones nº 342
Iglesia Esclavas del Sagrado Corazón de Jesús;catolicas;PASEO GENERAL MARTINEZ CAMPOS 10;Santa Engracia 87;Calle Santa Engracia nº 87
Iglesia Española Reformada Episcopal;no_catolicas;CALLE BENEFICENCIA 18;Hortaleza;Calle Hortaleza nº 75
Iglesia Evangelio Cuadrangular Vida Nueva Usera;no_catolicas;CALLE MONEDEROS 22;Glorieta de Cádiz;Calle Antonio López nº 129
Iglesia Evangélica Agua de Vida Vaguada;no_catolicas;CALLE PUERTO DE MASPALOMAS 22 Posterior;Remonta;Calle Azucenas nº 1
Iglesia Evangélica Asociación Centros Tahor;no_catolicas;CALLE TERUEL 25;General Perón 1;Avenida del General Perón frente al nº 4
Iglesia Evangélica Asociación Club Metas;no_catolicas;AVENIDA GRAN VIA DE HORTALEZA 30;Carlota O’Neill;Calle Carlota O'Neill nº 32
Iglesia Evangélica Asociación Evangelización Mundial para Cristo;no_catolicas;AVENIDA CANILLEJAS A VICALVARO 131;Gutierre de Cetina;Calle Gutierre de Cetina nº 77
Iglesia Evangélica Avivamiento Emmanuel España;no_catolicas;CALLE ALVAREZ ABELLAN 17;Marqués de Vadillo;Glorieta Marqués de Vadillo nº 9
Iglesia Evangélica Bautista Barrio del Pilar;no_catolicas;CALLE GINZO DE LIMIA 44;Pedro Rico;Calle Pedro Rico nº 4
Iglesia Evangélica Buenas Nuevas la Gran Comisión;no_catolicas;CALLE RADIO 12 PLANTA BAJO A;Marqués de Vadillo;Glorieta Marqués de Vadillo nº 9
Iglesia Evangélica Casa de Oración;no_catolicas;CALLE FELIPE DE DIEGO 3 Bloque A, posterior;Concordia;Calle Arroyo del Olivar nº 6
Iglesia Evangélica Casa de Oración de Madrid;no_catolicas;CALLE LONDRES 13;Avenida de los Toreros;Avenida de los Toreros nº 3
Iglesia Evangélica Casa de la Misericordia;no_catolicas;CALLE SANTIAGO ESTEVEZ 29 PLANTA BAJO IZQUIERDA;Ermita Santo;Paseo de la Ermita del Santo nº 48
Iglesia Evangélica China Española;no_catolicas;CALLE CAROLINAS 10;Estrecho;Calle Navarra nº 1
Iglesia Evangélica Cristo Vive;no_catolicas;AVENIDA GRAN VIA DE HORTALEZA 30;Carlota O’Neill;Calle Carlota O'Neill nº 32
Iglesia Evangélica Emaús;no_catolicas;CALLE AGUAVIVA 6;Gutierre de Cetina;Calle Gutierre de Cetina nº 77
Iglesia Evangélica Encuentro con Dios;no_catolicas;CALLE JOSE DEL PRADO Y PALACIO 1 Local 4;Camino Vinateros;Calle Camino de los Vinateros nº 28
Iglesia Evangélica Evangelizando las Naciones;no_catolicas;PASEO GIGANTES Y CABEZUDOS 48 PLANTA BAJO 1,2;Embajadores 191;Calle Sodio nº 1B
Iglesia Evangélica Fe, Esperanza y Amor;no_catolicas;CALLE PATRIARCA SAN JOSE 9 PLANTA SUBSÓTANO;Gutierre de Cetina;Calle Gutierre de Cetina nº 77
Iglesia Evangélica Filadelfia (El Rayo);no_catolicas;CALLE RIO ARAUCA 8;Sierra Toledana;Camino de Valderribas nº 94
Iglesia Evangélica Filadelfia Orcasur;no_catolicas;"CALLE ALBU&amp;Ntilde;UELAS 4";Glorieta de Cádiz;Calle Antonio López nº 129
Iglesia Evangélica Filadelfia del Centro;no_catolicas;CALLE RODRIGO DE GUEVARA 2;Plaza de la Cebada;Plaza de la Cebada nº 16 
Iglesia Evangélica Fuente de la Vida, Asambleas de Dios;no_catolicas;CALLE SIERRA CARBONERA 31;Concordia;Calle Arroyo del Olivar nº 6
Iglesia Evangélica Jesús es el Señor Torre Fuerte;no_catolicas;CALLE BLANDON 6;Caramuel;Calle Caramuel nº 51
Iglesia Evangélica Las Águilas;no_catolicas;CALLE FUERTE DE NAVIDAD 19;Caramuel;Calle Caramuel nº 51
Iglesia Evangélica Manantial de Vida Center;no_catolicas;AVENIDA CERRO DE LOS ANGELES 10 PLANTA 1 B;San Delfín;Calle San Delfín nº 9
Iglesia Evangélica Ministerio Pasión por Cristo;no_catolicas;CALLE REUS 8;Marqués de Vadillo;Glorieta Marqués de Vadillo nº 9
Iglesia Evangélica Nueva Vida;no_catolicas;CALLE ARGOS 13 o calle Caunedo, 16;Gutierre de Cetina;Calle Gutierre de Cetina nº 77
Iglesia Evangélica Pentecostal Amistad Cristiana;no_catolicas;CALLE VALLEHERMOSO 70;Galileo;Calle Galileo nº 63
Iglesia Evangélica Pentecostal Bethel;no_catolicas;CALLE FERNANDO DIAZ DE MENDOZA 3;San Delfín;Calle San Delfín nº 9
Iglesia Evangélica Pentecostal Misión 1909;no_catolicas;CALLE VIRGEN DE BELEN 42 PLANTA BAJO;Marqués de Vadillo;Glorieta Marqués de Vadillo nº 9
Iglesia Evangélica Pentecostal Salem;no_catolicas;CALLE CIDRO 8;Marqués de Vadillo;Glorieta Marqués de Vadillo nº 9
Iglesia Evangélica Pueblo Nuevo;no_catolicas;CALLE VILLACARLOS 14;Pavones;Calle Hacienda de Pavones nº 342
Iglesia Evangélica Servidores de Vida;no_catolicas;CALLE CASTROJERIZ 8;Caramuel;Calle Caramuel nº 51
Iglesia Evangélica de Aluche;no_catolicas;CALLE NUESTRA SEÑORA DE LA LUZ 118;Caramuel;Calle Caramuel nº 51
Iglesia Evangélica de Hermanos El Shadday;no_catolicas;CALLE MARIA PEDRAZA 11;Pablo Iglesias;Calle Francisco Balseiro nº 1
Iglesia Evangélica de Hermanos en Aluche - Madrid;no_catolicas;CALLE TEMBLEQUE 140;Caramuel;Calle Caramuel nº 51
Iglesia Evangélica del Nazareno;no_catolicas;CALLE PELICANO 26;Marqués de Vadillo;Glorieta Marqués de Vadillo nº 9
Iglesia Gloria de Dios;no_catolicas;CALLE MAQUEDA 30 LOCAL 60;Caramuel;Calle Caramuel nº 51
Iglesia Internacional Alianza de Amor;no_catolicas;CALLE ANTONIO GONZALEZ PORRAS 25;Marqués de Vadillo;Glorieta Marqués de Vadillo nº 9
Iglesia Jesús es el Maestro;no_catolicas;CALLE ALEJANDRINA MORAN 24;Caramuel;Calle Caramuel nº 51
Iglesia Madres Dominicas (Monasterio Santo Domingo el Real);catolicas;CALLE CLAUDIO COELLO 112;Velázquez-Diego de León;Calle Velázquez nº 91
Iglesia Ministerio Belem;no_catolicas;CALLE GAVIOTA 55 PLANTA 1;Caramuel;Calle Caramuel nº 51
Iglesia Ministerio Denuedo;no_catolicas;CALLE MINEROS 12 PLANTA 1;Marqués de Vadillo;Glorieta Marqués de Vadillo nº 9
Iglesia Nuestra Señora de Lourdes y San Justino. Iglesia de la Renovación Carismática;catolicas;CALLE SAN JUAN DE MATA 30;Caramuel;Calle Caramuel nº 51
Iglesia Nuestra Señora de Montserrat;catolicas;CALLE SAN BERNARDO 79;San Hermenegildo;Calle San Bernardo nº 85
Iglesia Nuestra Señora de la Bien Aparecida;catolicas;CALLE PIO BAROJA 2;Doce de Octubre;Calle Doce de Octubre nº 28
Iglesia Nuestra Señora de la Paz;catolicas;CALLE DOCTOR ESQUERDO 44;Jorge Juan;Calle Jorge Juan nº 131
Iglesia Padre Trinitarios;catolicas;CALLE ECHEGARAY 30;Plaza de Santa Ana;Plaza de Santa Ana nº 10
Iglesia Punto de Encuentro;no_catolicas;CALLE RESINA 13 PLANTA 1 Nave 11;Glorieta de Cádiz;Calle Antonio López nº 129
Iglesia San Antonio de los Alemanes;catolicas;CALLE CORREDERA BAJA DE SAN PABLO 16;Carlos Cambronero;Plaza de Carlos Cambronero nº 2
Iglesia San Ignacio de los Vascos;catolicas;CALLE PRINCIPE 31;Plaza de Santa Ana;Plaza de Santa Ana nº 10
Iglesia San Ildefonso;catolicas;CALLE LOPE DE VEGA 18;Antón Martín;Calle Atocha nº 54
Iglesia San José de la Montaña;catolicas;CALLE FERNANDEZ DE LA HOZ 16;Santa Engracia 14;Calle Santa Engracia nº 14
Iglesia San Martín de Tours;catolicas;"CALLE DESENGA&amp;Ntilde;O 26";Miguel Moya;Calle Miguel Moya nº 1
Iglesia San Pascual;catolicas;PASEO RECOLETOS 11;Cibeles;Plaza Cibeles
Iglesia San Pedro el Viejo;catolicas;CALLE NUNCIO 14;Plaza del Cordón;Plaza del Cordón
Iglesia Templo de Dios;no_catolicas;"CALLE MARQUESA DE ARG&amp;Uuml;ESO 22";Marqués de Vadillo;Glorieta Marqués de Vadillo nº 9
Iglesia de Cristo - Madrid;no_catolicas;CALLE TERUEL 25;General Perón 1;Avenida del General Perón frente al nº 4
Iglesia de Dios (Verbo de Dios);no_catolicas;CALLE PUERTO DE POZAZAL 25 A;Pavones;Calle Hacienda de Pavones nº 342
Iglesia de Dios Pentecostal Movimiento Internacional de Madrid;no_catolicas;CALLEJON GOMEZ ACEBO 14;Glorieta de Cádiz;Calle Antonio López nº 129
Iglesia de Los Elegidos de Dios;no_catolicas;CALLE FARO 8 Local 4, Posterior;Marqués de Vadillo;Glorieta Marqués de Vadillo nº 9
Iglesia de Nuestra Señora de las Maravillas;catolicas;CALLE DOS DE MAYO 11;San Andrés;Calle San Andrés nº 18
Iglesia de San Antón;catolicas;CALLE HORTALEZA 63;Colegio Arquitectos;Calle Hortaleza nº 63
Iglesia de Scientology de España;no_catolicas;CALLE SANTA CATALINA 7 esquina calle Prado;Marqués de Cubas;Calle del Marqués de Cubas nº 25
Iglesia del Espíritu Santo;catolicas;CALLE SERRANO 125;Serrano 113;Calle Serrano nº 113B
Iglesia evangélica Asociación Betel;no_catolicas;CALLE ANTONIA RODRIGUEZ SACRISTAN 8;Marqués de Vadillo;Glorieta Marqués de Vadillo nº 9
Iglesia evangélica Asociación Darse;no_catolicas;CALLE CASTROJERIZ 5;Caramuel;Calle Caramuel nº 51
Iglesia evangélica Asociación Fietgratia Ong;no_catolicas;CALLE RUFINO GONZALEZ 13 PLANTA 1ª;Gutierre de Cetina;Calle Gutierre de Cetina nº 77
Iglesia evangélica Asociación Fuente de Vida de la Sierra;no_catolicas;CALLE TERCIO 8 PLANTA 1ª;Marqués de Vadillo;Glorieta Marqués de Vadillo nº 9
Iglesia evangélica Asociación Proyecto Ayuda en la Calle PAC-ONG;no_catolicas;CALLE VICENTE CAMARON 41 PLANTA 3ª;Caramuel;Calle Caramuel nº 51
Iglesia evangélica Asociación de Educadores Evangélicos de Madrid;no_catolicas;CALLE MARIA PEDRAZA 11;Pablo Iglesias;Calle Francisco Balseiro nº 1
Iglesia evangélica Fundación Federico Fliedner;no_catolicas;CALLE BRAVO MURILLO 85;Glorieta de los Cuatro Caminos;Calle Santa Engracia nº 168
Iglesia evangélica Ministerio Reconciliación y Restauración Yo Soy;no_catolicas;CALLE TUCAN 1;Caramuel;Calle Caramuel nº 51
Madres Carmelitas - Maravillas (capilla);catolicas;CALLE PRINCIPE DE VERGARA 23;Príncipe de Vergara;Calle Hermosilla nº 70
Ministerio Bautista Internacional Madrid;no_catolicas;CALLE ASCAO 62 LOCAL;Gutierre de Cetina;Calle Gutierre de Cetina nº 77
Ministerio Pastoral Misionero por amor  su Cruz;no_catolicas;CALLE ALGODONALES 40 PLANTA BAJO EXTERIOR;Metro Tetuán;Calle Marqués de Viana nº 3
Misión Evangélica Urbana;no_catolicas;CALLE CALVARIO 12;Jesús y María;Calle Lavapiés nº 34
Monasterio de Benedictinas;catolicas;CALLE SAN ROQUE 9;Carlos Cambronero;Plaza de Carlos Cambronero nº 2
Nuestra Señora de la Merced - Parroquia personal de habla inglesa;catolicas;CALLE MAURICIO LEGENDRE 10;Pedro Rico;Calle Pedro Rico nº 4
Nuevas Fronteras Madrid;no_catolicas;CALLE VALLE DE CACHEMIRA 28;Francos Rodríguez;Calle Francos Rodríguez nº 62
Oratorio San Felipe Neri;catolicas;CALLE ANTONIO ARIAS 17;Ibiza;Calle Ibiza nº 62
Oratorio Santo Niño del Remedio;catolicas;CALLE DONADOS 6;Plaza de Celenque B;Plaza de Celenque nº 1
Parroquia Ascensión del Señor;catolicas;CALLE VIA CARPETANA 105;Caramuel;Calle Caramuel nº 51
Parroquia Asunción de Nuestra Señora. Calle Gabriel y Galán;catolicas;CALLE GABRIEL Y GALAN 17;Corazón de María;Calle Santa Hortensia nº 31
Parroquia Asunción de Nuestra Señora. Calle Pérez de Victoria;catolicas;CALLE PEREZ DE VICTORIA 9;Facultad Derecho;Avenida Complutense nº 23
Parroquia Bautismo del Señor;catolicas;CALLE GAVILANES 11;Facultad Derecho;Avenida Complutense nº 23
Parroquia Beata María Ana Mogas;catolicas;CALLE BELLA ALTISIDORA 6;Pedro Rico;Calle Pedro Rico nº 4
Parroquia Beata María Ana de Jesús;catolicas;CALLE GUILLERMO DE OSMA 10;Entrada Matadero;Paseo de la Chopera nº 14
Parroquia Buen Pastor;catolicas;AVENIDA PARQUE DE PALOMERAS BAJAS 22;Concordia;Calle Arroyo del Olivar nº 6
Parroquia Castrense Santa María de la Dehesa;catolicas;AVENIDA ARQUEROS 19;Caramuel;Calle Caramuel nº 51
Parroquia Concepción de Nuestra Señora;catolicas;CALLE GOYA 26;General Pardiñas;Calle Goya nº 18
Parroquia Cristo Resucitado;catolicas;CALLE CEBREROS 56;Caramuel;Calle Caramuel nº 51
Parroquia Cristo Rey de Usera;catolicas;CALLE AMOR HERMOSO 15;Glorieta de Cádiz;Calle Antonio López nº 129
Parroquia Cristo Sacerdote;catolicas;CALLE LOPEZ DE ARANDA 52;Carlota O’Neill;Calle Carlota O'Neill nº 32
Parroquia Cristo Salvador;catolicas;CALLE CARACOLI 1;Carlota O’Neill;Calle Carlota O'Neill nº 32
Parroquia Cristo de la Paz;catolicas;CALLE PORTALEGRE 8;Marqués de Vadillo;Glorieta Marqués de Vadillo nº 9
Parroquia Crucifixión del Señor;catolicas;CALLE CUART DE POBLET 11;Caramuel;Calle Caramuel nº 51
Parroquia Divino Salvador;catolicas;AVENIDA SANTUARIO DE VALVERDE 37;Pedro Rico;Calle Pedro Rico nº 4
Parroquia Dulce Nombre de María;catolicas;CALLE SAN FLORENCIO 1;Doctor Lozano;Calle Sierra Toledana nº 33
Parroquia El Salvador y San Nicolás;catolicas;CALLE ATOCHA 58;Antón Martín;Calle Atocha nº 54
Parroquia Encarnación del Señor;catolicas;"AVENIDA INSTITUCION LIBRE DE ENSE&amp;Ntilde;ANZA 49";Gutierre de Cetina;Calle Gutierre de Cetina nº 77
Parroquia Epifanía del Señor;catolicas;CALLE NUESTRA SEÑORA DE LA LUZ 64;Caramuel;Calle Caramuel nº 51
Parroquia Espíritu Santo;catolicas;CALLE RICARDO ORTIZ 1;Puente de Ventas;Avenida de Daroca nº 2
Parroquia Espíritu Santo y Nuestra Señora de la Araucana;catolicas;CALLE PUERTO RICO 29;Colombia;Calle Colombia nº 7
Parroquia Hispanoamericana de la Merced;catolicas;CALLE EDGAR NEVILLE 23;Orense 12;Calle Orense nº 12
Parroquia Inmaculada Concepción (El Pardo);catolicas;CALLE MANUEL ALONSO 2;Facultad Derecho;Avenida Complutense nº 23
Parroquia Inmaculado Corazón de María;catolicas;CALLE FERRAZ 74;Pintor Rosales;Paseo del Pintor Rosales frente al nº 38
Parroquia Jesús Obrero;catolicas;CALLE CASTILLO DE UCLES 26;Gutierre de Cetina;Calle Gutierre de Cetina nº 77
Parroquia Jesús de Nazaret;catolicas;CALLE CUEVAS DEL ALMANZORA 18;Pío XII;Avenida Pío XII nº 3
Parroquia Jesús y María;catolicas;CALLE MAQUEDA 129 y 131;Caramuel;Calle Caramuel nº 51
Parroquia La Cena del Señor;catolicas;CALLE ANTONIO MACHADO 24;Francos Rodríguez;Calle Francos Rodríguez nº 62
Parroquia Los Doce Apóstoles;catolicas;CALLE VELAZQUEZ 88;Embajada de Italia;Calle Velázquez nº 75
Parroquia Madre del Buen Pastor;catolicas;CALLE SAN MARIO 81;Embajadores 191;Calle Sodio nº 1B
Parroquia María Auxiliadora;catolicas;RONDA ATOCHA 25;Ronda de Atocha;Ronda de Atocha nº 2
Parroquia María Inmaculada y Santa Vicenta;catolicas;AVENIDA BRASIL 25;Sor Ángela de la Cruz;Calle Sor Ángela de la Cruz nº 2
Parroquia María Madre del Amor Hermoso;catolicas;CALLE VICENTE CARBALLAL 11;Embajadores 191;Calle Sodio nº 1B
Parroquia María Mediadora;catolicas;AVENIDA RAFAEL ALBERTI 25;Pavones;Calle Hacienda de Pavones nº 342
Parroquia María Reina;catolicas;CALLE PICO DE LA MALICIOSA 9;Sierra Toledana;Camino de Valderribas nº 94
Parroquia María Reina y San Buenaventura;catolicas;CALLE LOPEZ GRASS 44;Sierra Toledana;Camino de Valderribas nº 94
Parroquia María Virgen Madre;catolicas;AVENIDA MACHUPICHU 50;Carlota O’Neill;Calle Carlota O'Neill nº 32
Parroquia Natividad de Nuestra Señora;catolicas;CALLE MARROQUINA 41;Plaza del Encuentro;Calle Arroyo de las Pilillas nº 6
Parroquia Nuestra Madre del Dolor;catolicas;AVENIDA TOREROS 45;Ventas;Avenida de los Toreros nº 49
Parroquia Nuestra Señora Flor del Carmelo;catolicas;AVENIDA EL FERROL 49;Remonta;Calle Azucenas nº 1
Parroquia Nuestra Señora Reina del Cielo;catolicas;PASAJE CAN MENOR 5;Plaza de los Astros;Avenida de Nazaret nº 7
Parroquia Nuestra Señora de Altagracia;catolicas;CALLE AZUAGA 15;Francos Rodríguez;Calle Francos Rodríguez nº 62
Parroquia Nuestra Señora de Aránzazu;catolicas;CALLE JOSE ROMERO 5;Francos Rodríguez;Calle Francos Rodríguez nº 62
Parroquia Nuestra Señora de Begoña;catolicas;CALLE MARCOS DE ORUETA 15 C;Pedro Rico;Calle Pedro Rico nº 4
Parroquia Nuestra Señora de Belén;catolicas;CALLE CORREGIDOR RODRIGO RODRIGUEZ 12;Camino Vinateros;Calle Camino de los Vinateros nº 28
Parroquia Nuestra Señora de Covadonga;catolicas;CALLE FRANCISCO SILVELA 2;Mártires Concepcionistas;Calle Mártires Concepcionistas nº 2
Parroquia Nuestra Señora de Europa;catolicas;PASEO JUAN ANTONIO VALLEJO-NAJERA BOTAS 23;Paseo de la Esperanza;Paseo de la Esperanza nº 2
Parroquia Nuestra Señora de Guadalupe;catolicas;CALLE PUERTO RICO 1;Parque Berlín;Avenida de Concha Espina nº 34
Parroquia Nuestra Señora de Loreto;catolicas;CALLE ALAS 21;Carlota O’Neill;Calle Carlota O'Neill nº 32
Parroquia Nuestra Señora de Luján;catolicas;CALLE PONFERRADA 49;Francos Rodríguez;Calle Francos Rodríguez nº 62
Parroquia Nuestra Señora de Madrid;catolicas;PASEO CASTELLANA 207;Plaza de Castilla;Paseo de la Castellana nº 216
Parroquia Nuestra Señora de Moratalaz;catolicas;CALLE ENTRE ARROYOS 19;Camino Vinateros;Calle Camino de los Vinateros nº 28
Parroquia Nuestra Señora de Sonsoles;catolicas;CALLE TIMOTEO DOMINGO 38;José María Pereda;Calle José María de Pereda nº 1
Parroquia Nuestra Señora de la Aurora y Santo Ángel;catolicas;CALLE GREGORIO SANZ 8;Concordia;Calle Arroyo del Olivar nº 6
Parroquia Nuestra Señora de la Concepción (Pueblo Nuevo);catolicas;CALLE ARTURO SORIA 5;Gutierre de Cetina;Calle Gutierre de Cetina nº 77
Parroquia Nuestra Señora de la Consolación;catolicas;CALLE JUAN ESPLANDIU 2 C;Parque Roma;Calle Alcalde Sáinz de Baranda frente al nº 107
Parroquia Nuestra Señora de la Estrella;catolicas;CALLE LIRA 4;Niño Jesús;Calle Doctor Esquerdo nº 161
Parroquia Nuestra Señora de la Fuencisla;catolicas;PLAZA ANGELICA SEÑORA 1;Glorieta de Cádiz;Calle Antonio López nº 129
Parroquia Nuestra Señora de la Granada;catolicas;CALLE VILLASILOS 3;Gutierre de Cetina;Calle Gutierre de Cetina nº 77
Parroquia Nuestra Señora de la Guía;catolicas;CALLE CONDE DE TORRALBA 18;Manuel Caldeiro;Paseo de la Castellana nº 298
Parroquia Nuestra Señora de la Luz;catolicas;CALLE FERNAN NUÑEZ 4;Colombia;Calle Colombia nº 7
Parroquia Nuestra Señora de la Merced;catolicas;CALLE CORREGIDOR JUAN FRANCISCO DE LUJAN 101;Marroquina;Calle Camino de los Vinateros nº 108
Parroquia Nuestra Señora de la Misericordia;catolicas;CALLE ARROYO DEL OLIVAR 100;Concordia;Calle Arroyo del Olivar nº 6
Parroquia Nuestra Señora de la Montaña;catolicas;CALLE CORREGIDOR JOSE DE PASAMONTE 15;Marroquina;Calle Camino de los Vinateros nº 108
Parroquia Nuestra Señora de la Palabra;catolicas;CALLE VALDEBERNARDO 29;Pavones;Calle Hacienda de Pavones nº 342
Parroquia Nuestra Señora de la Paz;catolicas;CALLE VALDERRIBAS 37;Puerta de Mariano de Cavia;Avenida del Mediterráneo nº 19
Parroquia Nuestra Señora de la Peña y San Felipe Neri;catolicas;CALLE PUERTO DE CANFRANC 19;Sierra Toledana;Camino de Valderribas nº 94
Parroquia Nuestra Señora de la Piedad;catolicas;CALLE ANTONIO FOLGUERAS 24;Concordia;Calle Arroyo del Olivar nº 6
Parroquia Nuestra Señora de la Soledad;catolicas;CALLE VISITACION 1;Glorieta de Cádiz;Calle Antonio López nº 129
Parroquia Nuestra Señora de la Vega;catolicas;CALLE CHANTADA 28;Francos Rodríguez;Calle Francos Rodríguez nº 62
Parroquia Nuestra Señora de las Américas;catolicas;CALLE ESPIREA 1 y 3;Gutierre de Cetina;Calle Gutierre de Cetina nº 77
Parroquia Nuestra Señora de las Angustias;catolicas;CALLE RAFAEL DE RIEGO 16;Palos de la Frontera;Calle Palos de la Frontera nº 27
Parroquia Nuestra Señora de las Delicias;catolicas;PASEO DELICIAS 61;Delicias;Calle Bustamante nº 1
Parroquia Nuestra Señora de las Fuentes;catolicas;CALLE VILLA DE MARIN 39;Pedro Rico;Calle Pedro Rico nº 4
Parroquia Nuestra Señora de las Nieves;catolicas;CALLE NURIA 47;Pedro Rico;Calle Pedro Rico nº 4
Parroquia Nuestra Señora de las Rosas;catolicas;CALLE SUECIA 44 PLANTA 3ª C;Gutierre de Cetina;Calle Gutierre de Cetina nº 77
Parroquia Nuestra Señora de las Victorias;catolicas;CALLE AZUCENAS 34;Remonta;Calle Azucenas nº 1
Parroquia Nuestra Señora de los Apóstoles;catolicas;CALLE LUIS DE HOYOS SAINZ 94 BIS;Pavones;Calle Hacienda de Pavones nº 342
Parroquia Nuestra Señora de los Desamparados y San Lucas;catolicas;PLAZA PINAZO 8;Embajadores 191;Calle Sodio nº 1B
Parroquia Nuestra Señora de los Dolores;catolicas;CALLE SAN BERNARDO 103;Plaza Conde Suchil;Plaza del Conde del Valle de Súchil nº 3
Parroquia Nuestra Señora de los Álamos;catolicas;CALLE LEON FELIPE 1;Pavones;Calle Hacienda de Pavones nº 342
Parroquia Nuestra Señora de los Ángeles;catolicas;CALLE BRAVO MURILLO 93;Glorieta de los Cuatro Caminos;Calle Santa Engracia nº 168
Parroquia Nuestra Señora de África;catolicas;CALLE ALGORTA 14;Marqués de Vadillo;Glorieta Marqués de Vadillo nº 9
Parroquia Nuestra Señora del Aire;catolicas;CALLE MAESTRA JUSTA FREIRE 72;Caramuel;Calle Caramuel nº 51
Parroquia Nuestra Señora del Buen Consejo y San Isidro;catolicas;CALLE TOLEDO 37;Plaza de la Cebada;Plaza de la Cebada nº 16 
Parroquia Nuestra Señora del Buen Suceso;catolicas;CALLE PRINCESA 43;Quintana;Calle Quintana nº 11
Parroquia Nuestra Señora del Camino;catolicas;CALLE FENELON 20;Gutierre de Cetina;Calle Gutierre de Cetina nº 77
Parroquia Nuestra Señora del Carmen (El Plantío);catolicas;AVENIDA VICTORIA 51;Facultad Derecho;Avenida Complutense nº 23
Parroquia Nuestra Señora del Carmen y San Luis Obispo;catolicas;CALLE CARMEN 10;Plaza del Carmen ;Plaza del Carmen nº 1
Parroquia Nuestra Señora del Consuelo;catolicas;CALLE CLEOPATRA 13;Concordia;Calle Arroyo del Olivar nº 6
Parroquia Nuestra Señora del Encuentro;catolicas;CALLE PEDRO BARREDA 22;Cuatro Caminos 2;Calle Doctor Santero nº 1
Parroquia Nuestra Señora del Espino;catolicas;CALLE CONDE DEL SERRALLO 17;Plaza de Castilla;Paseo de la Castellana nº 216
Parroquia Nuestra Señora del Henar;catolicas;CALLE AGUSTIN DURAN 20;Diego de león;Calle Alonso Heredia nº 1
Parroquia Nuestra Señora del Perpetuo Socorro;catolicas;CALLE MANUEL SILVELA 14;Manuel Silvela;Calle Manuel Silvela nº 20
Parroquia Nuestra Señora del Pilar. (Campamento);catolicas;PLAZA PATRICIO MARTINEZ 5;Caramuel;Calle Caramuel nº 51
Parroquia Nuestra Señora del Pilar. Calle Juan Bravo;catolicas;CALLE JUAN BRAVO 40 BIS;Diego de León 52;Calle Diego de León nº 52
Parroquia Nuestra Señora del Pino;catolicas;CALLE DOROTEO LABORDA 8;Glorieta de Cádiz;Calle Antonio López nº 129
Parroquia Nuestra Señora del Puig;catolicas;CALLE SIERRA DE GREDOS 26;Pavones;Calle Hacienda de Pavones nº 342
Parroquia Nuestra Señora del Puig y San Timoteo;catolicas;CALLE SIERRA DE GREDOS 26;Pavones;Calle Hacienda de Pavones nº 342
Parroquia Nuestra Señora del Recuerdo;catolicas;CALLE ARGENTA 8;Gutierre de Cetina;Calle Gutierre de Cetina nº 77
Parroquia Nuestra Señora del Rosario;catolicas;PLAZA FRANCISCANOS 3;Caramuel;Calle Caramuel nº 51
Parroquia Nuestra Señora del Rosario de Filipinas;catolicas;"CALLE CONDE DE PE&amp;Ntilde;ALVER 40";Conde Peñalver;Calle Ayala nº 102
Parroquia Nuestra Señora del Rosario de Fátima;catolicas;CALLE ALCALA 292;José María Pereda;Calle José María de Pereda nº 1
Parroquia Nuestra Señora del Sagrado Corazón;catolicas;AVENIDA PIO XII 29;Pío XII;Avenida Pío XII nº 3
Parroquia Nuestra Señora del Sagrario;catolicas;CALLE EL SIGLO FUTURO 14;Marqués de Vadillo;Glorieta Marqués de Vadillo nº 9
Parroquia Nuestra Señora del Santísimo Sacramento;catolicas;CALLE CLARA DEL REY 38;Corazón de María;Calle Santa Hortensia nº 31
Parroquia Nuestra Señora del Tránsito;catolicas;CARRETERA CANILLAS 40;Carlota O’Neill;Calle Carlota O'Neill nº 32
Parroquia Nuestra Señora del Valle;catolicas;CALLE VALDERRIBAS 72;Valderribas;Calle Doctor Esquerdo nº 191
Parroquia Padre Nuestro;catolicas;AVENIDA CANTABRIA 4;Gutierre de Cetina;Calle Gutierre de Cetina nº 77
Parroquia Patrocinio de San José;catolicas;CALLE PEDRO LABORDE 78;Sierra Toledana;Camino de Valderribas nº 94
Parroquia Preciosa Sangre;catolicas;CALLE GRAN AVENIDA 1;Glorieta de Cádiz;Calle Antonio López nº 129
Parroquia Presentación de Nuestra Señora;catolicas;CALLE CORREGIDOR DIEGO DE VALDERRABANO 62;Camino Vinateros;Calle Camino de los Vinateros nº 28
Parroquia Purificación de Nuestra Señora;catolicas;CALLE EDUARDO UROSA 5;Caramuel;Calle Caramuel nº 51
Parroquia Purísimo Corazón de María;catolicas;CALLE EMBAJADORES 81;Santa María de la Cabeza;Paseo de Santa María de la Cabeza nº 58
Parroquia Resurrección del Señor;catolicas;CALLE ESCALONILLA 26;Caramuel;Calle Caramuel nº 51
Parroquia Sagrada Familia;catolicas;CALLE ANTONIO TOLEDANO 23;Jorge Juan;Calle Jorge Juan nº 131
Parroquia Sagrado Corazón de Jesús de Usera;catolicas;PASEO SANTA MARIA DE LA CABEZA 115;San Delfín;Calle San Delfín nº 9
Parroquia Sagrado Corazón de Jesús. Calle General Zabala;catolicas;CALLE GENERAL ZABALA 10;Prosperidad;Calle Suero de Quiñones nº 2
Parroquia Sagrados Corazones;catolicas;PASEO LA HABANA 31;Paseo de la Habana 63;Paseo de la Habana nº 63
Parroquia San Agustín;catolicas;CALLE JOAQUIN COSTA 10;Plaza de la República Argentina;Plaza de la República Argentina nº 6
Parroquia San Alberto Magno;catolicas;CALLE BENJAMIN PALENCIA 9;Sierra Toledana;Camino de Valderribas nº 94
Parroquia San Alejandro;catolicas;CALLE VIRGEN DE LOURDES 21;Avenida Donostiarra;Calle Virgen de la Alegría nº 18
Parroquia San Alfonso María de Ligorio;catolicas;CALLE ESCALONA 109;Caramuel;Calle Caramuel nº 51
Parroquia San Ambrosio;catolicas;CALLE RIOJANOS 1;Pavones;Calle Hacienda de Pavones nº 342
Parroquia San Andrés Apóstol. Calle Oxígeno;catolicas;CALLE OXIGENO 15 Y 19;Glorieta de Cádiz;Calle Antonio López nº 129
Parroquia San Andrés Apóstol. Plaza San Andrés;catolicas;PLAZA SAN ANDRES 1;Plaza de los Carros;Carrera de San Francisco nº 1
Parroquia San Antonio;catolicas;CALLE BRAVO MURILLO 150;Estrecho;Calle Navarra nº 1
Parroquia San Antonio María Claret;catolicas;CALLE CORAZON DE MARIA 1;Avenida de América 1;Calle Padre Indalecio Hernández nº 1
Parroquia San Antonio María Zaccaría;catolicas;CALLE FUENTE DEL TIRO 27;Caramuel;Calle Caramuel nº 51
Parroquia San Antonio de las Cárcavas;catolicas;AVENIDA MARUJA MALLO 15;Carlota O’Neill;Calle Carlota O'Neill nº 32
Parroquia San Antonio del Retiro;catolicas;CALLE DUQUE DE SESTO 9;Plaza de Felipe II;Plaza de Felipe II
Parroquia San Bartolomé;catolicas;CALLE GUETARIA 1;Glorieta de Cádiz;Calle Antonio López nº 129
Parroquia San Basilio el Grande;catolicas;CALLE FERNANDO POO 36;Jaime el Conquistador;Calle Jaime el Conquistador nº 30
Parroquia San Benito Abad;catolicas;CALLE BESOLLA 7;Marqués de Vadillo;Glorieta Marqués de Vadillo nº 9
Parroquia San Benito Menni;catolicas;CALLE CATORCE OLIVAS 12;Marqués de Vadillo;Glorieta Marqués de Vadillo nº 9
Parroquia San Bernabé;catolicas;CALLE SAN FELIU DE GUIXOLS 9;Pavones;Calle Hacienda de Pavones nº 342
Parroquia San Blas;catolicas;CALLE ALCONERA 1;Gutierre de Cetina;Calle Gutierre de Cetina nº 77
Parroquia San Bonifacio;catolicas;CALLE BREMEN 2;Avenida Bruselas;Avenida Bruselas nº 56
Parroquia San Bruno;catolicas;CALLE BEATRIZ DE BOBADILLA 3;Reina Victoria;Calle Beatriz de Bobadilla frente al nº 2
Parroquia San Camilo de Lelis;catolicas;CALLE ANOETA 12;Glorieta de Cádiz;Calle Antonio López nº 129
Parroquia San Clemente Romano;catolicas;CALLE COALICION 17;Embajadores 191;Calle Sodio nº 1B
Parroquia San Cristóbal;catolicas;CALLE TRES 2;Gutierre de Cetina;Calle Gutierre de Cetina nº 77
Parroquia San Cristóbal y San Rafael;catolicas;CALLE BRAVO MURILLO 39 Esc. A;Canal;Calle José Abascal frente al nº 2
Parroquia San Diego;catolicas;AVENIDA SAN DIEGO 61;Concordia;Calle Arroyo del Olivar nº 6
Parroquia San Dámaso;catolicas;CALLE MAURICIO LEGENDRE 10;Chamartín;Calle Rodríguez Jaén nº 40
Parroquia San Eduardo;catolicas;CALLE GENERAL MARGALLO 6;Metro Tetuán;Calle Marqués de Viana nº 3
Parroquia San Eloy;catolicas;PLAZA DOCTOR BARRAQUER 1;Francos Rodríguez;Calle Francos Rodríguez nº 62
Parroquia San Emilio;catolicas;TRAVESIA JOSE NORIEGA 4;Marqués de Corbera 12;Avenida Marqués de Corbera nº 12
Parroquia San Estanislao de Kostka;catolicas;CALLE DOCTOR ESQUERDO 97;Sainz de Baranda;Calle Doctor Esquerdo nº 99
Parroquia San Eulogio;catolicas;"CALLE PE&amp;Ntilde;A DE VARGAS 10";Pavones;Calle Hacienda de Pavones nº 342
Parroquia San Federico;catolicas;CALLE ALCALDE MARTIN DE ALZAGA 21;Francos Rodríguez;Calle Francos Rodríguez nº 62
Parroquia San Felipe Neri;catolicas;CAMINO VALDERRIBAS 39;Sierra Toledana;Camino de Valderribas nº 94
Parroquia San Fermín;catolicas;AVENIDA SAN FERMIN 10 y 12;Embajadores 191;Calle Sodio nº 1B
Parroquia San Fermín de los Navarros;catolicas;PASEO EDUARDO DATO 10;Rubén Darío;Glorieta Rubén Darío 2
Parroquia San Fernando;catolicas;AVENIDA ALBERTO ALCOCER 9;Castellana 164;Paseo de la Castellana nº 164
Parroquia San Francisco Javier y San Luis Gonzaga;catolicas;CALLE MARTIRES DE LA VENTILLA 34;Torre Cepsa;Calle Sinesio Delgado nº 2
Parroquia San Francisco de Asís;catolicas;PLAZA CORPUS BARGA 4;Concordia;Calle Arroyo del Olivar nº 6
Parroquia San Francisco de Borja;catolicas;CALLE SERRANO 104;Castellana 42;Paseo de la Castellana nº 42
Parroquia San Francisco de Paula;catolicas;CALLE RUIDERA 9;Méndez Álvaro;Calle Retama nº 5
Parroquia San Francisco de Sales;catolicas;CALLE FRANCOS RODRIGUEZ 5;Estrecho;Calle Navarra nº 1
Parroquia San Fulgencio y San Bernardo;catolicas;PASEO SAN ILLAN 9;Ermita Santo;Paseo de la Ermita del Santo nº 48
Parroquia San Félix;catolicas;CALLE PUEBLA DE SANABRIA 18;Glorieta de Cádiz;Calle Antonio López nº 129
Parroquia San Gabriel Arcángel;catolicas;CALLE ISLA DE OZA 49;Facultad Derecho;Avenida Complutense nº 23
Parroquia San Gabriel de la Dolorosa;catolicas;CALLE ARTE 4;Manuel Caldeiro;Paseo de la Castellana nº 298
Parroquia San Gerardo María Mayela;catolicas;CALLE MAQUEDA 45;Caramuel;Calle Caramuel nº 51
Parroquia San Germán;catolicas;CALLE SAN GERMAN 26;Orense 36;Calle Orense nº 36
Parroquia San Ginés;catolicas;CALLE ARENAL 13;Plaza de Celenque B;Plaza de Celenque nº 1
Parroquia San Gregorio Magno;catolicas;BULEVAR INDALECIO PRIETO 13;Pavones;Calle Hacienda de Pavones nº 342
Parroquia San Hermenegildo y Santa María de la Cabeza;catolicas;CALLE FOSFORO 4;Segovia 45;Calle Segovia nº 45
Parroquia San Hilario de Poitiers;catolicas;CALLE LUIS CHAMIZO 7;Caramuel;Calle Caramuel nº 51
Parroquia San Ignacio de Loyola;catolicas;CALLE PINOS ALTA 79;Remonta;Calle Azucenas nº 1
Parroquia San Ildefonso y Santos Justo y Pastor;catolicas;CALLE COLON 16;Plaza de San Ildefonso;Plaza de San Ildefonso
Parroquia San Ireneo;catolicas;CALLE CARLOTA O'NEILL 26 bis;Carlota O’Neill;Calle Carlota O'Neill nº 32
Parroquia San Isidoro y San Pedro Claver;catolicas;CALLE VILLA DE PONS  14;Pío XII;Avenida Pío XII nº 3
Parroquia San Isidro;catolicas;CALLE PARQUE EUGENIA DE MONTIJO 54 B;Caramuel;Calle Caramuel nº 51
Parroquia San Jaime;catolicas;CALLE JUAN JOSE MARTINEZ SECO 54;Embajadores 191;Calle Sodio nº 1B
Parroquia San Jenaro;catolicas;CALLE VITAL AZA 81 A;Gutierre de Cetina;Calle Gutierre de Cetina nº 77
Parroquia San Jerónimo el Real (Los Jerónimos);catolicas;CALLE MORETO 4;Espalter;Calle Espalter nº 1
Parroquia San Joaquín;catolicas;CALLE AMPOSTA 24;Gutierre de Cetina;Calle Gutierre de Cetina nº 77
Parroquia San Jorge;catolicas;CALLE PADRE DAMIAN 22;Doctor Fleming;Calle Doctor Fleming nº 7
Parroquia San José;catolicas;CALLE ALCALA 43;Banco de España A;Calle Alcalá nº 49
Parroquia San José María Escrivá de Balaguer;catolicas;CALLE GANIMEDES 19;Facultad Derecho;Avenida Complutense nº 23
Parroquia San José Obrero;catolicas;CALLE JULIO ANTONIO 3 PLANTA BAJA;Marqués de Vadillo;Glorieta Marqués de Vadillo nº 9
Parroquia San José de Calasanz;catolicas;CALLE IMAGEN 12;Concordia;Calle Arroyo del Olivar nº 6
Parroquia San Juan Bautista;catolicas;"CALLE FAUSTINA PE&amp;Ntilde;ALVER 1";Condesa de Venadito;Calle Condesa de Venadito nº 2
Parroquia San Juan Bautista de la Concepción;catolicas;CALLE CAMARENA 57;Caramuel;Calle Caramuel nº 51
Parroquia San Juan Bosco;catolicas;CALLE DOCTOR LARRA Y CEREZO  S/N;Caramuel;Calle Caramuel nº 51
Parroquia San Juan Crisóstomo;catolicas;CALLE DOMENICO SCARLATTI 2;San Francisco de Sales;Calle General Ampudia nº 2
Parroquia San Juan Evangelista;catolicas;PLAZA VENECIA 1;Avenida Bruselas;Avenida Bruselas nº 56
Parroquia San Juan de Dios;catolicas;CALLE MONTE DE MONTJUICH 19;Pavones;Calle Hacienda de Pavones nº 342
Parroquia San Juan de Mirasierra;catolicas;CALLE MORALZARZAL 75;Pedro Rico;Calle Pedro Rico nº 4
Parroquia San Juan de Ribera;catolicas;CALLE RODRIGUEZ MARIN 57;Doctor Arce 45;Avenida del Doctor Arce nº 45
Parroquia San Juan de la Cruz;catolicas;PLAZA SAN JUAN DE LA CRUZ 2;Plaza de San Juan de la Cruz;Plaza de San Juan de la Cruz nº 11
Parroquia San Juan de Ávila;catolicas;CALLE FORNILLOS 9;San Delfín;Calle San Delfín nº 9
Parroquia San Leandro;catolicas;CALLE ESCALONA 59;Caramuel;Calle Caramuel nº 51
Parroquia San Leopoldo;catolicas;CALLE SAGRADOS CORAZONES 28;Caramuel;Calle Caramuel nº 51
Parroquia San León Magno;catolicas;CALLE CONCEJAL BENITO MARTIN LOZANO 7;Puerta de Toledo;Glorieta de la Puerta de Toledo nº 1
Parroquia San Lorenzo;catolicas;CALLE DOCTOR PIGA 2;Plaza de Lavapiés;Calle Valencia nº 1
Parroquia San Lucas;catolicas;PLAZA PALOMA DE LA PAZ 1;Embajadores 191;Calle Sodio nº 1B
Parroquia San Luis de los Franceses;catolicas;CALLE LAGASCA 89;Embajada de Italia;Calle Velázquez nº 75
Parroquia San Manuel y San Benito;catolicas;CALLE ALCALA 83;Velázquez;Calle Alcalá nº 95
Parroquia San Marcos;catolicas;CALLE SAN LEONARDO 10;Plaza de España B;Calle Princesa nº 5
Parroquia San Martín de Porres;catolicas;CALLE ABEGONDO 28;Pío XII;Avenida Pío XII nº 3
Parroquia San Mateo;catolicas;AVENIDA LA VERBENA DE LA PALOMA 16;Glorieta de Cádiz;Calle Antonio López nº 129
Parroquia San Matías;catolicas;PLAZA IGLESIA 2;Carlota O’Neill;Calle Carlota O'Neill nº 32
Parroquia San Miguel Arcángel de Carabanchel;catolicas;CALLE GENERAL RICARDOS 21;Marqués de Vadillo;Glorieta Marqués de Vadillo nº 9
Parroquia San Miguel Arcángel de Chamartín;catolicas;AVENIDA BURGOS 2;Chamartín;Calle Rodríguez Jaén nº 40
Parroquia San Miguel Arcángel de Fuencarral;catolicas;CALLE ISLAS BERMUDAS 28;Pedro Rico;Calle Pedro Rico nº 4
Parroquia San Miguel de los Santos;catolicas;CALLE LOPEZ DE HOYOS 39;María Francisca 1;Calle María Francisca nº 1
Parroquia San Millán y San Cayetano;catolicas;CALLE EMBAJADORES 15;Plaza de Nelson Mandela;Calle Mesón de Paredes nº 35
Parroquia San Nicolás de Bari de los Servitas;catolicas;PLAZA SAN NICOLAS 6;Plaza Ramales;Plaza de Ramales
Parroquia San Pablo;catolicas;CALLE EL ESCRITOR 25;Sierra Toledana;Camino de Valderribas nº 94
Parroquia San Pablo de la Cruz;catolicas;"AVENIDA MADRO&amp;Ntilde;OS 40";Carlota O’Neill;Calle Carlota O'Neill nº 32
Parroquia San Patricio;catolicas;CALLE ALEJANDRO GONZALEZ 12;Alcalá-Ventas;Calle Alejandro González nº 1
Parroquia San Pedro Advíncula;catolicas;CALLE SIERRA GORDA 5;Pavones;Calle Hacienda de Pavones nº 342
Parroquia San Pedro Apóstol (Carabanchel);catolicas;PLAZA SEIS DE DICIEMBRE 1;Caramuel;Calle Caramuel nº 51
Parroquia San Pedro Apóstol. Calle Orión;catolicas;CALLE ORION 2;Gutierre de Cetina;Calle Gutierre de Cetina nº 77
Parroquia San Pedro Mártir de los Padres Dominicos;catolicas;AVENIDA BURGOS 204;Manuel Caldeiro;Paseo de la Castellana nº 298
Parroquia San Pedro Nolasco;catolicas;"CALLE DO&amp;Ntilde;A FRANCISQUITA 27";Glorieta de Cádiz;Calle Antonio López nº 129
Parroquia San Pedro Poveda;catolicas;AVENIDA CAMINO DE SANTIAGO 35;Pedro Rico;Calle Pedro Rico nº 4
Parroquia San Pedro Regalado y San José de Calasanz;catolicas;"PLAZA PE&amp;Ntilde;A GUDINA 1";Concordia;Calle Arroyo del Olivar nº 6
Parroquia San Pío X;catolicas;CALLE DOCTOR CASAL 9;Paseo de Moret;Paseo de Moret nº 11
Parroquia San Rafael Arcángel;catolicas;CALLE OTERO Y DELAGE 103;Facultad Derecho;Avenida Complutense nº 23
Parroquia San Rafael Arnáiz;catolicas;CALLE OCTAVIO PAZ 2;Manuel Caldeiro;Paseo de la Castellana nº 298
Parroquia San Raimundo de Peñafort;catolicas;CALLE ESTEBAN CARROS 35;Concordia;Calle Arroyo del Olivar nº 6
Parroquia San Ramón Nonato;catolicas;CALLE MELQUIADES BIENCINTO 10;Puente de Vallecas;Avenida de la Albufera nº 6
Parroquia San Ricardo;catolicas;CALLE GAZTAMBIDE 22;Fernando el Católico;Calle Fernando el Católico nº 61
Parroquia San Romualdo;catolicas;CALLE ASCAO 30;Gutierre de Cetina;Calle Gutierre de Cetina nº 77
Parroquia San Roque;catolicas;CALLE ABOLENGO 10;Ermita Santo;Paseo de la Ermita del Santo nº 48
Parroquia San Sebastián;catolicas;CALLE ATOCHA 39;Plaza de Santa Ana;Plaza de Santa Ana nº 10
Parroquia San Sebastián Mártir;catolicas;PLAZA PARROQUIA 1;Marqués de Vadillo;Glorieta Marqués de Vadillo nº 9
Parroquia San Simón y San Judas;catolicas;AVENIDA ORCASUR;Glorieta de Cádiz;Calle Antonio López nº 129
Parroquia San Valentín y San Casimiro;catolicas;CALLE VILLAJIMENA 75;Pavones;Calle Hacienda de Pavones nº 342
Parroquia San Vicente Ferrer;catolicas;CALLE IBIZA 43 bis;Ibiza;Calle Ibiza nº 62
Parroquia San Vicente de Paúl;catolicas;PLAZA SAN VICENTE DE PAUL 1;Marqués de Vadillo;Glorieta Marqués de Vadillo nº 9
Parroquia San Víctor;catolicas;CALLE RAMON GOMEZ DE LA SERNA 101;Facultad Derecho;Avenida Complutense nº 23
Parroquia Santa Adela;catolicas;CALLE SAN FAUSTINO 6;Gutierre de Cetina;Calle Gutierre de Cetina nº 77
Parroquia Santa Ana y La Esperanza;catolicas;"CALLE CA&amp;Ntilde;ADA 35";Marroquina;Calle Camino de los Vinateros nº 108
Parroquia Santa Beatriz;catolicas;CALLE CONCEJAL FRANCISCO JOSE JIMENEZ MARTIN 130;Caramuel;Calle Caramuel nº 51
Parroquia Santa Bibiana;catolicas;CALLE ALCOCER 9;Glorieta de Cádiz;Calle Antonio López nº 129
Parroquia Santa Bárbara;catolicas;"CALLE GENERAL CASTA&amp;Ntilde;OS 2";Plaza de las Salesas;Plaza de las Salesas 7
Parroquia Santa Casilda;catolicas;CALLE PARADOR DEL SOL 10;San Delfín;Calle San Delfín nº 9
Parroquia Santa Catalina Labouré;catolicas;"CALLE ARROYO OPA&amp;Ntilde;EL 29";Marqués de Vadillo;Glorieta Marqués de Vadillo nº 9
Parroquia Santa Catalina de Alejandría;catolicas;CALLE RAMBLA 5;Gutierre de Cetina;Calle Gutierre de Cetina nº 77
Parroquia Santa Catalina de Siena;catolicas;CALLE JUAN DE URBIETA 57;Puerta de Mariano de Cavia;Avenida del Mediterráneo nº 19
Parroquia Santa Cecilia;catolicas;CALLE MEDINA DE POMAR 11;Gutierre de Cetina;Calle Gutierre de Cetina nº 77
Parroquia Santa Cristina;catolicas;PASEO EXTREMADURA 32;Puerta del Ángel;Plaza Puerta del Ángel nº 4
Parroquia Santa Cruz;catolicas;CALLE ATOCHA 6;Conde de Romanones;Plaza del Conde de Romanones nº 9
Parroquia Santa Elena;catolicas;CALLE ORFILA 1;Alonso Martínez;Plaza de Alonso Martínez nº 5
Parroquia Santa Eugenia;catolicas;"CALLE VIRGEN DE LAS VI&amp;Ntilde;AS 15";Pavones;Calle Hacienda de Pavones nº 342
Parroquia Santa Eulalia de Mérida;catolicas;CALLE PEDROCHES 5;Concordia;Calle Arroyo del Olivar nº 6
Parroquia Santa Florentina;catolicas;CALLE LONGARES 8;Gutierre de Cetina;Calle Gutierre de Cetina nº 77
Parroquia Santa Gema;catolicas;CALLE LEIZARAN 24;Doctor Arce 45;Avenida del Doctor Arce nº 45
Parroquia Santa Inés;catolicas;AVENIDA REAL DE PINTO 72;Glorieta de Cádiz;Calle Antonio López nº 129
Parroquia Santa Irene;catolicas;CALLE ANDALUCES 7;Pavones;Calle Hacienda de Pavones nº 342
Parroquia Santa Luisa de Marillac;catolicas;AVENIDA ABRANTES 111;Marqués de Vadillo;Glorieta Marqués de Vadillo nº 9
Parroquia Santa Maravillas de Jesús;catolicas;CALLE MORALES 64;Caramuel;Calle Caramuel nº 51
Parroquia Santa Margarita María de Alacoque;catolicas;CALLE JAIME VERA 33;Caramuel;Calle Caramuel nº 51
Parroquia Santa María Josefa del Corazón de Jesús;catolicas;AVENIDA LA GAVIA 25;Pavones;Calle Hacienda de Pavones nº 342
Parroquia Santa María La Antigua;catolicas;CALLE VIRGEN DE LA ANTIGUA 9;Pavones;Calle Hacienda de Pavones nº 342
Parroquia Santa María Madre de la Iglesia;catolicas;CALLE GÓMEZ DE ARTECHE 30;Caramuel;Calle Caramuel nº 51
Parroquia Santa María Magdalena;catolicas;CALLE DRÁCENA 23;Pío XII;Avenida Pío XII nº 3
Parroquia Santa María Micaela y San Enrique;catolicas;CALLE SAN GERMÁN 23;Orense 36;Calle Orense nº 36
Parroquia Santa María Personal de Habla Alemana;catolicas;AVENIDA BURGOS 12;Chamartín;Calle Rodríguez Jaén nº 40
Parroquia Santa María Soledad Torres Acosta;catolicas;AVENIDA CAMINO DE SANTIAGO 35;Pedro Rico;Calle Pedro Rico nº 4
Parroquia Santa María de Cervellón;catolicas;CALLE BELISANA 2;Condesa de Venadito;Calle Condesa de Venadito nº 2
Parroquia Santa María de Martala;catolicas;CALLE FOBOS 2;Pavones;Calle Hacienda de Pavones nº 342
Parroquia Santa María de Nazaret;catolicas;"CALLE CA&amp;Ntilde;ADA DEL SANTISIMO 27";Pavones;Calle Hacienda de Pavones nº 342
Parroquia Santa María de la Caridad;catolicas;CALLE FERMIN CABALLERO 39;Pedro Rico;Calle Pedro Rico nº 4
Parroquia Santa María de la Esperanza;catolicas;CALLE FERMIN CABALLERO 53;Pedro Rico;Calle Pedro Rico nº 4
Parroquia Santa María de la Fe;catolicas;CALLE PUERTO DE MASPALOMAS 16;Remonta;Calle Azucenas nº 1
Parroquia Santa María del Bosque;catolicas;CALLE MANUEL URIBE 1;Pío XII;Avenida Pío XII nº 3
Parroquia Santa María del Buen Aire;catolicas;CALLE ENCOMIENDA DE PALACIOS 192;Pavones;Calle Hacienda de Pavones nº 342
Parroquia Santa María del Camino;catolicas;CALLE ENCOMIENDA DE PALACIOS 334;Pavones;Calle Hacienda de Pavones nº 342
Parroquia Santa María del Monte Carmelo;catolicas;CALLE AYALA 35;Ayala;Calle Ayala nº 44
Parroquia Santa María del Parque;catolicas;CALLE SANTA VIRGILIA 13;Carlota O’Neill;Calle Carlota O'Neill nº 32
Parroquia Santa María del Pilar;catolicas;CALLE REYES MAGOS 3;Pío Baroja;Calle Pío Baroja nº 10
Parroquia Santa María del Pinar;catolicas;CALLE JAZMIN 7;Manuel Caldeiro;Paseo de la Castellana nº 298
Parroquia Santa María del Pozo y Santa Marta;catolicas;CALLE MONTANCHEZ 13;Concordia;Calle Arroyo del Olivar nº 6
Parroquia Santa María del Silencio;catolicas;CALLE RAIMUNDO FERNANDEZ VILLAVERDE 18;Raimundo Fernández;Calle Raimundo Fernández Villaverde nº 33
Parroquia Santa María del Val;catolicas;AVENIDA MONFORTE DE LEMOS 115;Remonta;Calle Azucenas nº 1
Parroquia Santa María la Blanca;catolicas;PLAZA VILLA DE CANILLEJAS 1;Gutierre de Cetina;Calle Gutierre de Cetina nº 77
Parroquia Santa María la Blanca de Montecarmelo;catolicas;CALLE MONASTERIO DE OSEIRA 25;Pedro Rico;Calle Pedro Rico nº 4
Parroquia Santa María la Mayor y San Julián;catolicas;CALLE CENICIENTOS 1;Francos Rodríguez;Calle Francos Rodríguez nº 62
Parroquia Santa María la Real de la Almudena;catolicas;CALLE MAYOR 90;Segovia 26;Calle Segovia nº 26
Parroquia Santa Matilde;catolicas;CALLE LOPEZ DE HOYOS 166;Corazón de María;Calle Santa Hortensia nº 31
Parroquia Santa Mónica;catolicas;CALLE PRINCIPE DE VERGARA 87;Diego de León 52;Calle Diego de León nº 52
Parroquia Santa Paula;catolicas;CARRETERA CANILLAS 115 B;Carlota O’Neill;Calle Carlota O'Neill nº 32
Parroquia Santa Rita;catolicas;CALLE GAZTAMBIDE 75;Cea Bermúdez;Calle Cea Bermúdez nº 59
Parroquia Santa Rosa de Lima;catolicas;CALLE VÍA CARPETANA 47;Caramuel;Calle Caramuel nº 51
Parroquia Santa Rosalía;catolicas;"CALLE LAS PEDRO&amp;Ntilde;ERAS 13";Carlota O’Neill;Calle Carlota O'Neill nº 32
Parroquia Santa Teresa Benedicta de la Cruz;catolicas;CALLE SENDA DEL INFANTE 22;Pedro Rico;Calle Pedro Rico nº 4
Parroquia Santa Teresa de Calcuta;catolicas;CALLE MINERVA 58;Pavones;Calle Hacienda de Pavones nº 342
Parroquia Santa Teresa y San José;catolicas;"PLAZA ESPA&amp;Ntilde;A 14";Plaza de España B;Calle Princesa nº 5
Parroquia Santa Teresa y Santa Isabel;catolicas;GLORIETA PINTOR SOROLLA 2;Santa Engracia 87;Calle Santa Engracia nº 87
Parroquia Santa Ángela de la Cruz;catolicas;CALLE CESAR MANRIQUE 7;Francos Rodríguez;Calle Francos Rodríguez nº 62
Parroquia Santas Justa y Rufina.;catolicas;CALLE SANTA ÁUREA 7;Caramuel;Calle Caramuel nº 51
Parroquia Santas Perpetua y Felicidad;catolicas;CALLE SANTA FELICIDAD 1;Marqués de Corbera 52;Avenida Marqués de Corbera nº 52
Parroquia Santiago el Mayor y Nuestra Señora de las Cruces;catolicas;CALLE SANTA CRUZ DE MARCENADO 11 PLANTA BAJO;Plaza Conde Suchil;Plaza del Conde del Valle de Súchil nº 3
Parroquia Santiago y San Juan Bautista;catolicas;PLAZA SANTIAGO 24;Plaza Ramales;Plaza de Ramales
Parroquia Santo Cristo de la Misericordia;catolicas;CALLE NUMANCIA 8;Pablo Iglesias;Calle Francisco Balseiro nº 1
Parroquia Santo Cristo del Olivar;catolicas;"CALLE CA&amp;Ntilde;IZARES 4";Plaza de Santa Ana;Plaza de Santa Ana nº 10
Parroquia Santo Domingo Savio;catolicas;CALLE SANTO DOMINGO SAVIO 2;Gutierre de Cetina;Calle Gutierre de Cetina nº 77
Parroquia Santo Domingo de Guzmán;catolicas;CALLE CAMARENA 183;Caramuel;Calle Caramuel nº 51
Parroquia Santo Domingo de la Calzada;catolicas;CAÑADA REAL GALIANA 17;Pavones;Calle Hacienda de Pavones nº 342
Parroquia Santo Niño de Cebu;catolicas;CALLE LUCIO DEL VALLE 4;Parque Santander;Calle Santander esquina con Avenida de Filipinas
Parroquia Santo Tomás Apóstol;catolicas;CALLE PORTUGALETE 2;Gutierre de Cetina;Calle Gutierre de Cetina nº 77
Parroquia Santo Tomás de Villanueva;catolicas;CALLE LEONESES 6;Sierra Toledana;Camino de Valderribas nº 94
Parroquia Santos Apóstoles Felipe y Santiago el Menor;catolicas;CALLE POETA BLAS DE OTERO 79;Marqués de Corbera 12;Avenida Marqués de Corbera nº 12
Parroquia Santos Cosme y Damián;catolicas;CALLE RAMÍREZ TOMÉ 22;Sierra Toledana;Camino de Valderribas nº 94
Parroquia Santos Inocentes;catolicas;CALLE EMBAJADORES 209;Embajadores 191;Calle Sodio nº 1B
Parroquia Santísima Trinidad;catolicas;CALLE MARTINEZ VILLERGAS 8;Derechos Humanos;Calle Derechos Humanos nº 12
Parroquia Santísimo Cristo de la Esperanza;catolicas;CALLE MISTERIOS 38;Carlota O’Neill;Calle Carlota O'Neill nº 32
Parroquia Santísimo Cristo de la Guía - San Juan de Sahagún;catolicas;CAMINO VIEJO DE VICALVARO 18;Pavones;Calle Hacienda de Pavones nº 342
Parroquia Santísimo Cristo de la Salud;catolicas;CALLE AYALA 12;Serrano;Calle Serrano nº 54
Parroquia Santísimo Cristo de la Victoria;catolicas;CALLE BLASCO DE GARAY 33;Galileo;Calle Galileo nº 63
Parroquia Santísimo Cristo del Amor;catolicas;CALLE RAFAEL FINAT 46;Caramuel;Calle Caramuel nº 51
Parroquia Santísimo Redentor;catolicas;CALLE FELIX BOIX 13;López Pozas;Calle General López Pozas nº 2
Parroquia Santísimo Sacramento;catolicas;CALLE ALCALDE SAINZ DE BARANDA 3;Retiro-Ibiza;Calle Ibiza nº 18
Parroquia Transfiguración del Señor;catolicas;CALLE ISABELITA USERA 34;Glorieta de Cádiz;Calle Antonio López nº 129
Parroquia Virgen Peregrina;catolicas;CALLE DIEGO DE LEON 36 bis;Velázquez-Diego de León;Calle Velázquez nº 91
Parroquia Virgen de La Candelaria;catolicas;PLAZA NUESTRA SEÑORA DE LA CANDELARIA 1;Gutierre de Cetina;Calle Gutierre de Cetina nº 77
Parroquia Virgen de La Fuensanta;catolicas;CALLE SAN FILIBERTO 9;San Delfín;Calle San Delfín nº 9
Parroquia Virgen de La Nueva;catolicas;CALLE CALANDA 28;Carlota O’Neill;Calle Carlota O'Neill nº 32
Parroquia Virgen de La Oliva;catolicas;CALLE CASTILLO DE SIMANCAS 1;Gutierre de Cetina;Calle Gutierre de Cetina nº 77
Parroquia Virgen de La Paloma y San Pedro el Real;catolicas;CALLE TOLEDO 98 y Paloma 1;Puerta de Toledo;Glorieta de la Puerta de Toledo nº 1
Parroquia Virgen de La Providencia y San Cayetano;catolicas;CALLE FERRER DEL RIO 18;Cartagena;Calle Cartagena nº 34
Parroquia Virgen de Lluc;catolicas;CALLE VIRGEN DEL SAGRARIO 22;C.D. Concepción;Calle Jose del Hierro nº 5
Parroquia Virgen de Los Llanos;catolicas;PLAZA VIRGEN DE LOS LLANOS 1;Caramuel;Calle Caramuel nº 51
Parroquia Virgen de Los Remedios;catolicas;CALLE TOMASA RUIZ 8;San Delfín;Calle San Delfín nº 9
Parroquia Virgen de Nuria;catolicas;CALLE JUAN DE URBIETA 5;Junta Municipal Retiro;Calle León Gil de Palacio nº 3
Parroquia Virgen del Castillo;catolicas;AVENIDA SAN LUIS 42;Carlota O’Neill;Calle Carlota O'Neill nº 32
Parroquia Virgen del Coro;catolicas;CALLE VIRGEN DE LA ALEGRIA 12;Avenida Donostiarra;Calle Virgen de la Alegría nº 18
Parroquia Virgen del Cortijo;catolicas;CALLE OÑA 91 B;Manuel Caldeiro;Paseo de la Castellana nº 298
Parroquia Virgen del Mar;catolicas;CALLE PEONES 3;Gutierre de Cetina;Calle Gutierre de Cetina nº 77
Parroquia Virgen del Refugio y Santa Lucía;catolicas;CALLE MANRESA 60;Pedro Rico;Calle Pedro Rico nº 4
Parroquia Visitación de Nuestra Señora;catolicas;CALLE PICO DE LOS ARTILLEROS 82;Marroquina;Calle Camino de los Vinateros nº 108
Parroquia castrense Nuestra Señora del Carmen;catolicas;CALLE SERRANO GALVACHE 7;Pío XII;Avenida Pío XII nº 3
Primer Monasterio de la Visitación (Las Salesas);catolicas;CALLE SANTA ENGRACIA 20;Santa Engracia 14;Calle Santa Engracia nº 14
Primera Iglesia Evangélica Bautista de Madrid;no_catolicas;CALLE GENERAL LACY 18;Palos de la Frontera;Calle Palos de la Frontera nº 27
Real Basílica Nuestra Señora de Atocha;catolicas;CALLE JULIAN GAYARRE 1;Puerta de Granada;Avenida de Menéndez Pelayo nº 38
Real Basílica San Francisco el Grande;catolicas;CALLE SAN BUENAVENTURA 1;Plaza de San Francisco;Plaza de San Francisco nº 5
Real Monasterio de Santa Isabel;catolicas;CALLE SANTA ISABEL 48;Antón Martín;Calle Atocha nº 54
Real Monasterio de la Encarnación;catolicas;PLAZA ENCARNACION 1;San Quintín;Calle Pavía nº 6
Real Monasterio de las Descalzas Reales;catolicas;PLAZA DESCALZAS 3;Plaza de Celenque A;Plaza de Celenque nº 1
Real Oratorio del Caballero de Gracia;catolicas;CALLE CABALLERO DE GRACIA 5;Plaza de Pedro Zerolo;Plaza de Pedro Zerolo nº 1
Santuario Nuestra Señora de Lourdes;catolicas;CALLE FORTUNY 21;Rubén Darío;Glorieta Rubén Darío 2
Santuario Nuestra Señora de Schönstatt;catolicas;CALLE SERRANO 97;Serrano 113;Calle Serrano nº 113B
Santuario Nuestra Señora de los Peligros;catolicas;CALLE JOAQUIN COSTA 49;Velázquez 130;Calle Velázquez nº 130
Segundo Monasterio de la Visitación (Las Salesas);catolicas;CALLE SAN BERNARDO 72;San Hermenegildo;Calle San Bernardo nº 85
Sociedad Bíblica;no_catolicas;CALLE GENERAL LACY 7;Juan Martín;Calle Juan Martín el Empecinado nº 16
Tercer Monasterio de la Visitación (Las Salesas);catolicas;PASEO SAN FRANCISCO DE SALES 48;Parque Santander;Calle Santander esquina con Avenida de Filipinas
Testigos Cristianos de Jehová. Avenida de Moratalaz;no_catolicas;AVENIDA MORATALAZ 143 local 12;Marroquina;Calle Camino de los Vinateros nº 108
Testigos Cristianos de Jehová. Calle Arroyo;no_catolicas;CALLE ARROYO 23 PLANTA BAJA;Remonta;Calle Azucenas nº 1
Testigos Cristianos de Jehová. Calle Artistas;no_catolicas;CALLE ARTISTAS 22 PLANTA BAJO A;Raimundo Fernández;Calle Raimundo Fernández Villaverde nº 33
Testigos Cristianos de Jehová. Calle Carrascales;no_catolicas;CALLE CARRASCALES 12 PLANTA BAJA 1 derecha;Glorieta de Cádiz;Calle Antonio López nº 129
Testigos Cristianos de Jehová. Calle Chantada;no_catolicas;CALLE CHANTADA 41 LOCAL 6 y 43;Francos Rodríguez;Calle Francos Rodríguez nº 62
Testigos Cristianos de Jehová. Calle Doctor Gómez Ulla;no_catolicas;CALLE DOCTOR GÓMEZ ULLA 16 PLANTA BAJA IZQUIERDA;Ventas;Avenida de los Toreros nº 49
Testigos Cristianos de Jehová. Calle Guamo;no_catolicas;CALLE GUAMO 2 PLANTA BAJA LOCAL 1 BIS y 6;Carlota O’Neill;Calle Carlota O'Neill nº 32
Testigos Cristianos de Jehová. Calle Hilario Sangrador;no_catolicas;CALLE HILARIO SANGRADOR 8 PLANTA BAJA IZQUIERDA;Caramuel;Calle Caramuel nº 51
Testigos Cristianos de Jehová. Calle Ignacio Ellacuría;no_catolicas;CALLE IGNACIO ELLACURIA 3 7;Puente de Ventas;Avenida de Daroca nº 2
Testigos Cristianos de Jehová. Calle Jacobinia;no_catolicas;CALLE JACOBINIA 70;Caramuel;Calle Caramuel nº 51
Testigos Cristianos de Jehová. Calle Las Pedroñeras;no_catolicas;"CALLE LAS PEDRO&amp;Ntilde;ERAS 46 LOCAL";Carlota O’Neill;Calle Carlota O'Neill nº 32
Testigos Cristianos de Jehová. Calle Luis Ruiz;no_catolicas;CALLE LUIS RUIZ 75 PUERTA 19;Gutierre de Cetina;Calle Gutierre de Cetina nº 77
Testigos Cristianos de Jehová. Calle Marcudos;no_catolicas;CALLE MARCUDOS 4 PLANTA BAJO 3;Glorieta de Cádiz;Calle Antonio López nº 129
Testigos Cristianos de Jehová. Calle Martín Martínez;no_catolicas;CALLE MARTIN MARTINEZ 4 PLANTA BAJA;Prosperidad;Calle Suero de Quiñones nº 2
Testigos Cristianos de Jehová. Calle Martín de Vargas;no_catolicas;CALLE MARTIN DE VARGAS 26 PLANTA BAJA IZQUIERDA;Embajadores 1;Glorieta de Embajadores nº 6
Testigos Cristianos de Jehová. Calle Puerto de Pozazal;no_catolicas;CALLE PUERTO DE POZAZAL 1 PLANTA BAJA;Pavones;Calle Hacienda de Pavones nº 342
Testigos Cristianos de Jehová. Calle San Moisés;no_catolicas;CALLE SAN MOISÉS 39 PLANTA BAJA B;Concordia;Calle Arroyo del Olivar nº 6
Testigos Cristianos de Jehová. Calle Tembleque;no_catolicas;CALLE TEMBLEQUE 64 PLANTA BAJA;Caramuel;Calle Caramuel nº 51
Testigos Cristianos de Jehová. Calle Venancio Martín;no_catolicas;CALLE VENANCIO MARTIN 19 local 2;Sierra Toledana;Camino de Valderribas nº 94
Unión De Mujeres Evangélicas UDME;no_catolicas;CALLE GABRIEL Y GALAN 26;Corazón de María;Calle Santa Hortensia nº 31
